insert into eml_user (user_id, login_name, password,nick_name,sex,birthday,mobiletel,email,is_activeemail,register_time,is_del) values('00000001', 'a', '1','a1','1','1990-03-14','18259194500','11@qq.com','1','2015-05-10','0');
insert into eml_user (user_id, login_name, password,nick_name,sex,birthday,mobiletel,email,is_activeemail,register_time,is_del) values('00000002', 'b', '1','a2','0','1990-03-14','18259194500','11@qq.com','1','2015-05-10','0');
insert into eml_user (user_id, login_name, password,nick_name,sex,birthday,mobiletel,email,is_activeemail,register_time,is_del) values('00000003', 'c', '1','a3','1','1990-03-14','18259194500','11@qq.com','1','2015-05-10','0');
insert into eml_user (user_id, login_name, password,nick_name,sex,birthday,mobiletel,email,is_activeemail,register_time,is_del) values('00000004', 'd', '1','a4','1','1990-03-14','18259194500','11@qq.com','1','2015-05-10','0');
insert into eml_user (user_id, login_name, password,nick_name,sex,birthday,mobiletel,email,is_activeemail,register_time,is_del) values('00000005', 'e', '1','a5','1','1990-03-14','18259194500','11@qq.com','1','2015-05-10','0');
insert into eml_user (user_id, login_name, password,nick_name,sex,birthday,mobiletel,email,is_activeemail,register_time,is_del) values('00000006', 'f', '1','a6','0','1990-03-14','18259194500','11@qq.com','1','2015-05-10','0');
insert into eml_user (user_id, login_name, password,nick_name,sex,birthday,mobiletel,email,is_activeemail,register_time,is_del) values('00000007', 'g', '1','a7','1','1990-03-14','18259194500','11@qq.com','1','2015-05-10','0');
insert into eml_user (user_id, login_name, password,nick_name,sex,birthday,mobiletel,email,is_activeemail,register_time,is_del) values('00000008', 'h', '1','a8','1','1990-03-14','18259194500','11@qq.com','1','2015-05-10','0');
insert into eml_user (user_id, login_name, password,nick_name,sex,birthday,mobiletel,email,is_activeemail,register_time,is_del) values('00000009', 'i', '1','a9','0','1990-03-14','18259194500','11@qq.com','1','2015-05-10','0');
insert into eml_user (user_id, login_name, password,nick_name,sex,birthday,mobiletel,email,is_activeemail,register_time,is_del) values('00000010', 'j', '1','a10','1','1990-03-14','18259194500','11@qq.com','1','2015-05-10','0');
insert into eml_user (user_id, login_name, password,nick_name,sex,birthday,mobiletel,email,is_activeemail,register_time,is_del) values('00001739', 'k', '1','a10','1','1989-08-15','18259194500','runjf@qq.com','1','2015-05-10','0');


insert into EML_STORE (STORE_ID, STORE_NAME, DESCRIPTION, STORE_DESCRIPTION,BUSINESS_TYPE,ISENTITY,ISFACTORY,SORT,STATUS,STAR,supply,LOGO,user_id,cms_site_id) values('00000002', 'b', '1222', '00000002','0','0','0','1','1','0','0','http://www.logoquan.com/upload/list/20150701/logoquan14425145375.PNG','00002307','140008');
insert into EML_STORE (STORE_ID, STORE_NAME, DESCRIPTION, STORE_DESCRIPTION,BUSINESS_TYPE,ISENTITY,ISFACTORY,SORT,STATUS,STAR,supply,LOGO,user_id,cms_site_id) values('00000003', 'c', '4444', '00000003','0','0','0','2','0','0','0','http://www.logoquan.com/upload/list/20150701/logoquan14420457161.PNG','00000003','160030');
insert into EML_STORE (STORE_ID, STORE_NAME, DESCRIPTION, STORE_DESCRIPTION,BUSINESS_TYPE,ISENTITY,ISFACTORY,SORT,STATUS,STAR,supply,LOGO,user_id) values('00000004', 'd', '3333', '00000004','0','0','0','3','1','0','0','http://www.logoquan.com/upload/list/20150701/logoquan14431390091.PNG','00000004');
insert into EML_STORE (STORE_ID, STORE_NAME, DESCRIPTION, STORE_DESCRIPTION,BUSINESS_TYPE,ISENTITY,ISFACTORY,SORT,STATUS,STAR,supply,LOGO,user_id) values('00000005', 'e', '5555', '00000005','0','0','0','4','0','0','0','http://www.logoquan.com/upload/list/20150515/logoquan14412701416.PNG','00000005');
insert into EML_STORE (STORE_ID, STORE_NAME, DESCRIPTION, STORE_DESCRIPTION,BUSINESS_TYPE,ISENTITY,ISFACTORY,SORT,STATUS,STAR,supply,LOGO,user_id) values('00000006', 'f', '6666', '00000006','0','0','0','5','1','0','0','http://www.logoquan.com/upload/list/20150416/logoquan14346395003.PNG','00000006');
insert into EML_STORE (STORE_ID, STORE_NAME, DESCRIPTION, STORE_DESCRIPTION,BUSINESS_TYPE,ISENTITY,ISFACTORY,SORT,STATUS,STAR,supply,LOGO,user_id) values('00000007', 'g', '7777', 'ffffffff','0','0','0','5','1','0','0','http://www.logoquan.com/upload/list/20150701/logoquan14404825562.PNG','00001739');


insert into eml_refund (refund_id, order_id, buyer_refund_reason,status,refund_sum) values('00000001', '00000001', '0', '0',0);
insert into eml_refund (refund_id, order_id, buyer_refund_reason,status,refund_sum) values('00000002', '00000002', '0', '0',0);
insert into eml_refund (refund_id, order_id, buyer_refund_reason,status,refund_sum) values('00000003', '00000003', '0', '0',0);
insert into eml_refund (refund_id, order_id, buyer_refund_reason,status,refund_sum) values('00000004', '00000004', '0', '0',0);

insert into eml_inventory (inventory_id, sku_id, inventory,goods_id,ext_json,goods_price,c_name) values('00000001','2015061215000001_1400000053_1500000149_1500000175_1500000144',1,'2015061215000001','000000',100.0,'颜色：黑色1 内存：16g 套餐：阿里正版');
insert into eml_inventory (inventory_id, sku_id, inventory,goods_id,ext_json,goods_price,c_name) values('00000002','2015061215000001_1400000053_1500000149_1500000173_1500000144',2,'2015061215000001','000000',1002.0,'颜色：黑色2 内存：16g 套餐：阿里正版');
insert into eml_inventory (inventory_id, sku_id, inventory,goods_id,ext_json,goods_price,c_name) values('00000003','2015061215000001_1400000053_1500000149_1500000174_1500000144',3,'2015061215000001','000000',1001.0,'颜色：黑色3 内存：16g 套餐：阿里正版');
insert into eml_inventory (inventory_id, sku_id, inventory,goods_id,ext_json,goods_price,c_name) values('00000004','2015061215000001_1400000053_1500000151_1500000174_1500000144',4,'2015061215000001','000000',1004.0,'颜色：黑色4 内存：16g 套餐：阿里正版');
insert into eml_inventory (inventory_id, sku_id, inventory,goods_id,ext_json,goods_price,c_name) values('00000005','2015061215000001_1400000053_1500000151_1500000173_1500000144',5,'2015061215000001','000000',1010.0,'颜色：黑色5 内存：16g 套餐：阿里正版');
insert into eml_inventory (inventory_id, sku_id, inventory,goods_id,ext_json,goods_price,c_name) values('00000006','2015061215000001_1400000053_1500000151_1500000175_1500000144',6,'2015061215000001','000000',1100.0,'颜色：黑色6 内存：16g 套餐：阿里正版');
insert into eml_inventory (inventory_id, sku_id, inventory,goods_id,ext_json,goods_price,c_name) values('00000007','2015061215000001_1400000055_1500000151_1500000175_1500000144',7,'2015061215000001','000000',1020.0,'颜色：黑色7 内存：16g 套餐：阿里正版');
insert into eml_inventory (inventory_id, sku_id, inventory,goods_id,ext_json,goods_price,c_name) values('00000008','2015061215000001_1400000055_1500000151_1500000174_1500000144',8,'2015061215000001','000000',1050.0,'颜色：黑色8 内存：16g 套餐：阿里正版');
insert into eml_inventory (inventory_id, sku_id, inventory,goods_id,ext_json,goods_price,c_name) values('00000009','2015061215000001_1400000055_1500000151_1500000173_1500000144',9,'2015061215000001','000000',1500.0,'颜色：黑色9 内存：16g 套餐：阿里正版');
insert into eml_inventory (inventory_id, sku_id, inventory,goods_id,ext_json,goods_price,c_name) values('00000010','2015061215000001_1400000055_1500000149_1500000175_1500000144',10,'2015061215000001','000000',1120.0,'颜色：黑色0 内存：16g 套餐：阿里正版');
insert into eml_inventory (inventory_id, sku_id, inventory,goods_id,ext_json,goods_price,c_name) values('00000011','2015061215000001_1400000055_1500000149_1500000174_1500000144',11,'2015061215000001','000000',1012.0,'颜色：黑色11 内存：16g 套餐：阿里正版');
insert into eml_inventory (inventory_id, sku_id, inventory,goods_id,ext_json,goods_price,c_name) values('00000012','2015061215000001_1400000055_1500000149_1500000173_1500000144',12,'2015061215000001','000000',1021.0,'颜色：黑色12 内存：16g 套餐：阿里正版');

